{
  "clarity_months": [
    {
      "month": "Jan-25",
      "start_date": "2024-12-16",
      "end_date": "2025-01-19",
      "display": "Jan-25 (16-Dec-24 to 19-Jan-25)"
    },
    {
      "month": "Feb-25",
      "start_date": "2025-01-20",
      "end_date": "2025-02-16",
      "display": "Feb-25 (20-Jan-25 to 16-Feb-25)"
    },
    {
      "month": "Mar-25",
      "start_date": "2025-02-17",
      "end_date": "2025-03-16",
      "display": "Mar-25 (17-Feb-25 to 16-Mar-25)"
    },
    {
      "month": "Apr-25",
      "start_date": "2025-03-17",
      "end_date": "2025-04-20",
      "display": "Apr-25 (17-Mar-25 to 20-Apr-25)"
    },
    {
      "month": "May-25",
      "start_date": "2025-04-21",
      "end_date": "2025-05-18",
      "display": "May-25 (21-Apr-25 to 18-May-25)"
    },
    {
      "month": "Jun-25",
      "start_date": "2025-05-19",
      "end_date": "2025-06-15",
      "display": "Jun-25 (19-May-25 to 15-Jun-25)"
    },
    {
      "month": "Jul-25",
      "start_date": "2025-06-16",
      "end_date": "2025-07-20",
      "display": "Jul-25 (16-Jun-25 to 20-Jul-25)"
    },
    {
      "month": "Aug-25",
      "start_date": "2025-07-21",
      "end_date": "2025-08-17",
      "display": "Aug-25 (21-Jul-25 to 17-Aug-25)"
    },
    {
      "month": "Sep-25",
      "start_date": "2025-08-18",
      "end_date": "2025-09-14",
      "display": "Sep-25 (18-Aug-25 to 14-Sep-25)"
    },
    {
      "month": "Oct-25",
      "start_date": "2025-09-15",
      "end_date": "2025-10-19",
      "display": "Oct-25 (15-Sep-25 to 19-Oct-25)"
    },
    {
      "month": "Nov-25",
      "start_date": "2025-10-20",
      "end_date": "2025-11-16",
      "display": "Nov-25 (20-Oct-25 to 16-Nov-25)"
    },
    {
      "month": "Dec-25",
      "start_date": "2025-11-17",
      "end_date": "2025-12-21",
      "display": "Dec-25 (17-Nov-25 to 21-Dec-25)"
    }
  ]
}
