{
  "team_members": [
    "Nik Coultas",
    "Victor Cheung",
    "Vivek Srivastava",
    "Diogo Diogo",
    "Graeme Oldroyd",
    "Jonathan Mays",
    "Kevin Kayes",
    "Neil Pomfret",
    "Parag Maniar",
    "Sheela Adesara",
    "Barry Breden",
    "Gareth Jones",
    "Gary Mandaracas",
    "James Matthews",
    "Matthew Garretty",
    "Richard Williams",
    "David Hunt",
    "Chris Halfpenny",
    "Craig Conkerton",
    "Donna Smith",
    "Julie Barton",
    "Venu Adluru",
    "Vijetha Dayyala"
  ],
  "name_aliases": {
    "Neil Pomphret": "Neil Pomfret",
    "Neil Pomfrett": "Neil Pomfret",
    "Niel Pomfret": "Neil Pomfret",
    "Nell Pomfret": "Neil Pomfret",
    "Jon Maya": "Jonathan Mays",
    "Jon Mayo": "Jonathan Mays",
    "Jon Mays": "Jonathan Mays",
    "Diego Diogo": "Diogo Diogo",
    "Diego Diego": "Diogo Diogo",
    "Gary Manderacas": "Gary Mandaracas"
  }
}
